{"id":"50c69301-233a-4aba-b547-9b2daa909450","name":"IMDB","values":[{"key":"series-host","value":"localhost:8008","enabled":true,"type":"default"},{"key":"hostName","value":"localhost","enabled":true,"type":"default"},{"key":"port","value":"7071","enabled":true,"type":"default"},{"key":"ratingPort","value":"7070","enabled":true,"type":"default"},{"key":"metadataPort","value":"5558","enabled":true,"type":"default"},{"key":"favorite-host","value":"localhost:8080","enabled":true,"type":"default"},{"key":"realm","value":"master","enabled":true,"type":"default"},{"key":"keycloak_url","value":"localhost:8080","enabled":true,"type":"default"},{"key":"client_secret","value":"nF3qCEEswTtpt0kGr8jNPRq9W6fqRYVc","enabled":true,"type":"default"},{"key":"access_token","value":"","enabled":true,"type":"any"},{"key":"id_token","value":"","enabled":true,"type":"any"},{"key":"refresh_token","value":"","enabled":true,"type":"any"},{"key":"commentPort","value":"5557","enabled":true,"type":"default"},{"key":"rating-service","value":"/rating-service","enabled":true,"type":"default"},{"key":"movie-service","value":"/movie-service","enabled":true,"type":"default"},{"key":"user-service","value":"/user-service","enabled":true,"type":"default"},{"key":"api-gateway","value":"localhost:8889","enabled":true,"type":"default"}]}