{"info":{"_postman_id":"0525a0ef-11f1-4df3-b5e4-ac90c5e5327c","name":"User","schema":"https://schema.getpostman.com/json/collection/v2.1.0/collection.json"},"item":[{"name":"Get token by Login API","event":[{"listen":"test","script":{"id":"c6229239-5e7c-49a8-8121-b7e4acfea79e","exec":["const jsonResponse = pm.response.json();","pm.environment.set(\"access_token\", jsonResponse.access_token);","pm.environment.set(\"id_token\", jsonResponse.id_token);","pm.environment.set(\"refresh_token\", jsonResponse.access_token);"],"type":"text/javascript"}}],"id":"0004766b-f931-4f8f-a402-94e18a073d97","protocolProfileBehavior":{"disableBodyPruning":true},"request":{"method":"POST","header":[{"key":"Authorization","value":"Bearer {{access_token}}","type":"text","disabled":true},{"key":"Content-Type","value":"application/json","type":"text","disabled":true}],"body":{"mode":"raw","raw":"{\n    \"userName\": \"luantran\",\n    \"password\": \"123456\"\n}","options":{"raw":{"language":"json"}}},"url":{"raw":"{{api-gateway}}{{user-service}}/login","host":["{{api-gateway}}{{user-service}}"],"path":["login"]}},"response":[]},{"name":"Create User","id":"e2a74519-030f-44c1-9699-1e5179259e41","protocolProfileBehavior":{"disableBodyPruning":true},"request":{"method":"POST","header":[{"key":"Content-Type","value":"application/json","type":"text"},{"key":"Authorization","value":"Bearer {{access_token}}","type":"text"}],"body":{"mode":"raw","raw":"{\n    \"userName\": \"luantran1\",\n    \"firstName\": \"Ba Luan\",\n    \"lastName\": \"Tran\",\n    \"email\": \"luan.tran1@gmail.com\",\n    \"password\": \"123456\",\n    \"groups\": [\n        \"user\"\n    ]\n}","options":{"raw":{"language":"json"}}},"url":{"raw":"{{api-gateway}}{{user-service}}/users","host":["{{api-gateway}}{{user-service}}"],"path":["users"]}},"response":[]},{"name":"Update User Copy","id":"47ce7d71-543b-4b0f-bc8d-a28f8130cadd","protocolProfileBehavior":{"disableBodyPruning":true},"request":{"method":"PUT","header":[{"key":"Content-Type","value":"application/json","type":"text"},{"key":"Authorization","value":"Bearer {{access_token}}","type":"text"}],"body":{"mode":"raw","raw":"{\n    \"firstName\": \"Ba Luan 1\"\n}","options":{"raw":{"language":"json"}}},"url":{"raw":"{{api-gateway}}{{user-service}}/users/64aa70e5-c8df-41b4-9eec-860c4fb117e5","host":["{{api-gateway}}{{user-service}}"],"path":["users","64aa70e5-c8df-41b4-9eec-860c4fb117e5"]}},"response":[]},{"name":"Delete User By id","id":"f7ef1d38-1df5-4fa7-a478-d6f6d03de0b3","protocolProfileBehavior":{"disableBodyPruning":true},"request":{"method":"DELETE","header":[{"key":"Content-Type","value":"application/json","type":"text"},{"key":"Authorization","value":"Bearer {{access_token}}","type":"text"}],"url":{"raw":"{{api-gateway}}{{user-service}}/users/223ad739-ca19-45bd-85e0-a15eb46d5a08","host":["{{api-gateway}}{{user-service}}"],"path":["users","223ad739-ca19-45bd-85e0-a15eb46d5a08"]}},"response":[]},{"name":"Get User by id","id":"b5c2893d-a792-43f7-9f65-fa2058832e96","protocolProfileBehavior":{"disableBodyPruning":true},"request":{"method":"GET","header":[{"key":"Content-Type","value":"application/json","type":"text"},{"key":"Authorization","value":"Bearer {{access_token}}","type":"text"}],"url":{"raw":"{{api-gateway}}{{user-service}}/users/5ce09c7f-ece2-4d52-abf1-6830eab56b98","host":["{{api-gateway}}{{user-service}}"],"path":["users","5ce09c7f-ece2-4d52-abf1-6830eab56b98"]}},"response":[]}]}