{"info":{"_postman_id":"5db71890-cc2d-41d3-b27a-1e743b98a58a","name":"Rating","schema":"https://schema.getpostman.com/json/collection/v2.1.0/collection.json"},"item":[{"name":"Get rating report","id":"f8963831-a30d-4102-a360-6c39abea1a1b","protocolProfileBehavior":{"disableBodyPruning":true},"request":{"method":"GET","header":[{"key":"Content-Type","value":"application/json","type":"text","disabled":true},{"key":"Authorization","value":"Bearer {{access_token}}","type":"text","disabled":true}],"url":{"raw":"{{api-gateway}}{{rating-service}}/ratings/media/1/report","host":["{{api-gateway}}{{rating-service}}"],"path":["ratings","media","1","report"]}},"response":[]},{"name":"Get all ratings","id":"3e13137e-a68f-4501-81bd-7b9775ad5f12","protocolProfileBehavior":{"disableBodyPruning":true},"request":{"method":"GET","header":[],"url":{"raw":"{{api-gateway}}{{rating-service}}/ratings","host":["{{api-gateway}}{{rating-service}}"],"path":["ratings"]}},"response":[]},{"name":"Get avg rating to media","id":"67c47543-aa96-456c-b0fa-cee0960a17bb","protocolProfileBehavior":{"disableBodyPruning":true},"request":{"method":"GET","header":[],"url":{"raw":"{{api-gateway}}{{rating-service}}/ratings/media/1/avg?mediaType=MOVIE","host":["{{api-gateway}}{{rating-service}}"],"path":["ratings","media","1","avg"],"query":[{"key":"mediaType","value":"MOVIE"}]}},"response":[]},{"name":"Update ratings By Admin","id":"918202e0-cac9-4088-bad0-e4f87f3dbe46","protocolProfileBehavior":{"disableBodyPruning":true},"request":{"method":"PUT","header":[{"key":"Content-Type","value":"application/json","type":"text"},{"key":"Authorization","value":"Bearer {{access_token}}","type":"text"}],"body":{"mode":"raw","raw":"{\n    \"rating\": 4\n}","options":{"raw":{"language":"json"}}},"url":{"raw":"{{hostName}}:{{ratingPort}}/ratings/1","host":["{{hostName}}"],"port":"{{ratingPort}}","path":["ratings","1"]}},"response":[]},{"name":"Update ratings By User","id":"705b0ef4-7fed-46a9-8371-8e0a20b52462","protocolProfileBehavior":{"disableBodyPruning":true},"request":{"method":"PUT","header":[{"key":"Content-Type","value":"application/json","type":"text"},{"key":"Authorization","value":"Bearer {{access_token}}","type":"text"}],"body":{"mode":"raw","raw":"{\n    \"rating\": 5,\n    \"mediaId\": 1,\n    \"mediaType\": \"MOVIE\"\n}","options":{"raw":{"language":"json"}}},"url":{"raw":"{{hostName}}:{{ratingPort}}/ratings/","host":["{{hostName}}"],"port":"{{ratingPort}}","path":["ratings",""]}},"response":[]},{"name":"Add rating by admin","id":"94d4ccad-ebca-4aaf-88a7-a70144c114e2","protocolProfileBehavior":{"disableBodyPruning":true},"request":{"method":"POST","header":[{"key":"Content-Type","value":"application/json","type":"text"},{"key":"Authorization","value":"Bearer {{access_token}}","type":"text"}],"body":{"mode":"raw","raw":"{\n    \"rating\": 5,\n    \"userId\": 23,\n    \"mediaId\": 1,\n    \"mediaType\": \"MOVIE\"\n}","options":{"raw":{"language":"json"}}},"url":{"raw":"{{api-gateway}}{{rating-service}}/ratings","host":["{{api-gateway}}{{rating-service}}"],"path":["ratings"]}},"response":[]},{"name":"Add rating by user","id":"4961382a-5e66-4093-8857-885c46050c47","protocolProfileBehavior":{"disableBodyPruning":true},"request":{"method":"POST","header":[{"key":"Content-Type","value":"application/json","type":"text"},{"key":"Authorization","value":"Bearer {{access_token}}","type":"text"}],"body":{"mode":"raw","raw":"{\n    \"rating\": 5,\n    \"mediaId\": 10,\n    \"mediaType\": \"MOVIE\"\n}","options":{"raw":{"language":"json"}}},"url":{"raw":"{{api-gateway}}{{rating-service}}/ratings/user","host":["{{api-gateway}}{{rating-service}}"],"path":["ratings","user"]}},"response":[]},{"name":"Delete Rating by ID From Admin","id":"2a58bdbe-8de5-4c0e-9523-c5e9b2ab745a","protocolProfileBehavior":{"disableBodyPruning":true},"request":{"method":"DELETE","header":[{"key":"Content-Type","value":"application/json","type":"text"},{"key":"Authorization","value":"Bearer {{access_token}}","type":"text"}],"url":{"raw":"{{api-gateway}}{{rating-service}}/ratings/1","host":["{{api-gateway}}{{rating-service}}"],"path":["ratings","1"]}},"response":[]},{"name":"Delete Rating By Media  From Admin","id":"55697361-75cd-4bed-bb6d-278c6de8e21d","protocolProfileBehavior":{"disableBodyPruning":true},"request":{"method":"DELETE","header":[{"key":"Content-Type","value":"application/json","type":"text"},{"key":"Authorization","value":"Bearer {{access_token}}","type":"text"}],"url":{"raw":"{{api-gateway}}{{rating-service}}/ratings?mediaId=1&mediaType=MOVIE","host":["{{api-gateway}}{{rating-service}}"],"path":["ratings"],"query":[{"key":"mediaId","value":"1"},{"key":"mediaType","value":"MOVIE"}]}},"response":[]},{"name":"Delete Rating By Media From User","id":"4f158e3b-8eb3-4406-bd49-d2ad3f84f16b","protocolProfileBehavior":{"disableBodyPruning":true},"request":{"method":"DELETE","header":[{"key":"Content-Type","value":"application/json","type":"text"},{"key":"Authorization","value":"Bearer {{access_token}}","type":"text"}],"url":{"raw":"{{api-gateway}}{{rating-service}}/ratings/user?mediaId=1&mediaType=MOVIE","host":["{{api-gateway}}{{rating-service}}"],"path":["ratings","user"],"query":[{"key":"mediaId","value":"1"},{"key":"mediaType","value":"MOVIE"}]}},"response":[]}]}