{"info":{"_postman_id":"624af623-0adb-4f00-80a1-bdbf483d2b82","name":"Comment","schema":"https://schema.getpostman.com/json/collection/v2.1.0/collection.json"},"item":[{"name":"Create a Comment By User","id":"3ebc7929-c169-4afa-95ca-a4de56959866","protocolProfileBehavior":{"disableBodyPruning":true},"request":{"method":"POST","header":[],"body":{"mode":"raw","raw":"{\n    \"id\": 3,\n    \"createdDate\": \"2022-02-22T06:00:00.000+00:00\",\n    \"updateDate\": \"2022-02-22T06:00:00.000+00:00\",\n    \"comment\": \"Wonderful\",\n    \"userId\": 3,\n    \"mediaId\": 1,\n    \"mediaType\": \"MOVIE\"\n}\n\n","options":{"raw":{"language":"json"}}},"url":{"raw":"http://localhost:5557/comments/users/3","protocol":"http","host":["localhost"],"port":"5557","path":["comments","users","3"]}},"response":[]},{"name":"get Comments By User Id","id":"46b022db-d99e-483b-b2a6-bcee173160d5","protocolProfileBehavior":{"disableBodyPruning":true},"request":{"auth":{"type":"noauth"},"method":"GET","header":[{"key":"Content-Type","value":"application/json","type":"text"},{"key":"Authorization","value":"Bearer {{access_token}}","type":"text"},{"key":"","value":"","type":"text"}],"url":{"raw":"{{api-gateway}}/comment-service/comments/users/1","host":["{{api-gateway}}"],"path":["comment-service","comments","users","1"]}},"response":[]},{"name":"get Comment by Media Id","id":"bd6f21ae-2847-44e1-b43a-686c24bc2610","protocolProfileBehavior":{"disableBodyPruning":true},"request":{"method":"GET","header":[{"key":"Content-Type","value":"application/json","type":"text"},{"key":"Authorization","value":"Bearer {{access_token}}","type":"text"}],"url":{"raw":"{{api-gateway}}/comment-service/comments/media/2","host":["{{api-gateway}}"],"path":["comment-service","comments","media","2"]}},"response":[]},{"name":"Delete  all comment By User Id","id":"2d9038bf-c4e2-42a2-847a-43b7dc2cb994","protocolProfileBehavior":{"disableBodyPruning":true},"request":{"method":"DELETE","header":[],"url":{"raw":"{{api-gateway}}/medata-service/comments/1","host":["{{api-gateway}}"],"path":["medata-service","comments","1"]}},"response":[]},{"name":"Delete  a comment By User Id Copy","id":"e5d2b762-94ab-4606-b1fa-01d09fb1bcd6","protocolProfileBehavior":{"disableBodyPruning":true},"request":{"method":"DELETE","header":[],"url":{"raw":"{{api-gateway}}/medata-service/comments/1","host":["{{api-gateway}}"],"path":["medata-service","comments","1"]}},"response":[]},{"name":"Update Person By Id","id":"f7f918a7-1bfa-4752-ad7e-7f7bb1900e6d","protocolProfileBehavior":{"disableBodyPruning":true},"request":{"method":"PUT","header":[],"body":{"mode":"raw","raw":"{\"id\":1,\n\"comment\":\"Nice\",\n\"created_date\":\"01/21/2022\",\n\"media_type\":\"movie\",\n\"update_date\":\"02/21/2022\"\n}\n","options":{"raw":{"language":"json"}}},"url":{"raw":"{{api-gateway}}/metadata-service/persons/1","host":["{{api-gateway}}"],"path":["metadata-service","persons","1"]}},"response":[]},{"name":"get Comment by Media Id","id":"54b0926c-e830-47f1-af0b-3b53841cc485","protocolProfileBehavior":{"disableBodyPruning":true},"request":{"method":"GET","header":[],"url":{"raw":"{{api-gateway}}/metadata-service/comments/1","host":["{{api-gateway}}"],"path":["metadata-service","comments","1"]}},"response":[]},{"name":"get Comment by User And Media","id":"21a24a4c-c8bb-4f7c-9dc5-197252b44927","protocolProfileBehavior":{"disableBodyPruning":true},"request":{"method":"GET","header":[],"url":{"raw":"{{api-gateway}}/metadata-service/comments/1","host":["{{api-gateway}}"],"path":["metadata-service","comments","1"]}},"response":[]},{"name":"Get admin token by KeyCloak PAI Copy","event":[{"listen":"test","script":{"id":"fd58d23e-3ed6-4b5b-88e9-ce904aebe63c","exec":["const jsonResponse = pm.response.json();","pm.environment.set(\"access_token\", jsonResponse.access_token);","pm.environment.set(\"id_token\", jsonResponse.id_token);","pm.environment.set(\"refresh_token\", jsonResponse.access_token);"],"type":"text/javascript"}}],"id":"67d137fd-95a9-4052-a9d3-7982babfde46","protocolProfileBehavior":{"disableBodyPruning":true},"request":{"method":"POST","header":[],"body":{"mode":"urlencoded","urlencoded":[{"key":"client_id","value":"ea-group-8"},{"key":"username","value":"admin"},{"key":"password","value":"admin"},{"key":"grant_type","value":"password"},{"key":"scope","value":"openid"},{"key":"redirect_uri","value":"http://localhost:8081/","disabled":true},{"key":"client_secret","value":"{{client_secret}}"},{"key":"","value":"","type":"text","disabled":true}]},"url":{"raw":"{{keycloak_url}}/realms/{{realm}}/protocol/openid-connect/token","host":["{{keycloak_url}}"],"path":["realms","{{realm}}","protocol","openid-connect","token"]}},"response":[]}]}