{"info":{"_postman_id":"c8538f87-28d3-4a84-ab92-6e08d3d7408b","name":"Metadata","schema":"https://schema.getpostman.com/json/collection/v2.1.0/collection.json"},"item":[{"name":"Create a Person","id":"216a64eb-72de-44d8-86b0-42a2b86ba3d9","protocolProfileBehavior":{"disableBodyPruning":true},"request":{"method":"POST","header":[],"body":{"mode":"raw","raw":"{\n\"id\": 1,\n\"name\": \"Alex2\"\n}\n","options":{"raw":{"language":"json"}}},"url":{"raw":"{{api-gateway}}/metadata-service/persons","host":["{{api-gateway}}"],"path":["metadata-service","persons"]}},"response":[]},{"name":"get All Persons","id":"c33d3353-4349-4ac1-bf37-cda72994babc","protocolProfileBehavior":{"disableBodyPruning":true},"request":{"auth":{"type":"bearer"},"method":"GET","header":[],"url":{"raw":"http://localhost:5558/persons","protocol":"http","host":["localhost"],"port":"5558","path":["persons"]}},"response":[]},{"name":"Filter Persons by ids and position","id":"b0a85a1a-1f67-43db-bab6-077773728379","protocolProfileBehavior":{"disableBodyPruning":true},"request":{"auth":{"type":"bearer"},"method":"GET","header":[{"key":"position","value":"Actor","type":"text"},{"key":"ids","value":"1","type":"text"}],"url":{"raw":"http://localhost:5558/persons/filter?position=Actor&ids=1","protocol":"http","host":["localhost"],"port":"5558","path":["persons","filter"],"query":[{"key":"position","value":"Actor"},{"key":"ids","value":"1"}]}},"response":[]},{"name":"get Person By Id","id":"f7b7470f-242f-4fc3-8d26-d3d0696030ca","protocolProfileBehavior":{"disableBodyPruning":true},"request":{"method":"GET","header":[],"url":{"raw":"http://localhost:5558/persons/1","protocol":"http","host":["localhost"],"port":"5558","path":["persons","1"]}},"response":[]},{"name":"Delete Person By Id","id":"2ba77317-8c36-4e5a-878f-572ffb02ab80","protocolProfileBehavior":{"disableBodyPruning":true},"request":{"method":"DELETE","header":[],"url":{"raw":"http://localhost:5558/persons/1","protocol":"http","host":["localhost"],"port":"5558","path":["persons","1"]}},"response":[]},{"name":"Update Person By Id","id":"378b905e-cb1f-447c-9052-ad4af074304c","protocolProfileBehavior":{"disableBodyPruning":true},"request":{"method":"PUT","header":[],"body":{"mode":"raw","raw":"{\n\"id\": 1,\n\"name\": \"Alex3\"\n}\n","options":{"raw":{"language":"json"}}},"url":{"raw":"http://localhost:5558/persons/3","protocol":"http","host":["localhost"],"port":"5558","path":["persons","3"]}},"response":[]},{"name":"get All Genre","id":"6a75c8be-d2ed-48bf-8e11-4c6cb3fb1027","protocolProfileBehavior":{"disableBodyPruning":true},"request":{"method":"GET","header":[],"url":{"raw":"localhost:4848/metadata-service/genres","host":["localhost"],"port":"4848","path":["metadata-service","genres"]}},"response":[]},{"name":"get Genre By Id","id":"c8ce45de-af3d-459f-a2b1-84de314ee1b1","protocolProfileBehavior":{"disableBodyPruning":true},"request":{"method":"GET","header":[],"url":{"raw":"{{api-gateway}}/metadata-service/genres/1","host":["{{api-gateway}}"],"path":["metadata-service","genres","1"]}},"response":[]},{"name":"Get director, actor, genre from metadata","id":"b01330b1-bfda-496f-b13c-013c7bf00a24","protocolProfileBehavior":{"disableBodyPruning":true},"request":{"method":"GET","header":[],"url":{"raw":"{{hostName}}:{{metadataPort}}/metadata?genreIds=1,3&directorIds=1,2&actorIds=1,3,5","host":["{{hostName}}"],"port":"{{metadataPort}}","path":["metadata"],"query":[{"key":"genreIds","value":"1,3"},{"key":"directorIds","value":"1,2"},{"key":"actorIds","value":"1,3,5"}]}},"response":[]}]}