{"info":{"_postman_id":"e0d46a74-6bd5-4a9c-a872-876512370087","name":"Favorite List","schema":"https://schema.getpostman.com/json/collection/v2.1.0/collection.json"},"item":[{"name":"Create a Favorite List","id":"8a55f598-8742-4e1a-95d6-1b8f73b51d4e","protocolProfileBehavior":{"disableBodyPruning":true},"request":{"auth":{"type":"bearer","bearer":[{"key":"token","value":"{{access_token}}","type":"string"}]},"method":"POST","header":[],"body":{"mode":"raw","raw":"{\n    \"title\": \"My favorite list 2\"\n}","options":{"raw":{"language":"json"}}},"url":{"raw":"{{api-gateway}}/favorite-service/favorites","host":["{{api-gateway}}"],"path":["favorite-service","favorites"]}},"response":[]},{"name":"Get All Favorite List","id":"1128ed36-eda8-4588-a4fd-8e3061b9b83f","protocolProfileBehavior":{"disableBodyPruning":true},"request":{"auth":{"type":"bearer","bearer":[{"key":"token","value":"{{access_token}}","type":"string"}]},"method":"GET","header":[],"body":{"mode":"raw","raw":"{\n    \"title\": \"My favorite\"\n}","options":{"raw":{"language":"json"}}},"url":{"raw":"{{api-gateway}}/favorite-service/favorites","host":["{{api-gateway}}"],"path":["favorite-service","favorites"]}},"response":[]},{"name":"Get a Favorite List","id":"73dd7a78-2824-442b-8317-b86343204cc9","protocolProfileBehavior":{"disableBodyPruning":true},"request":{"auth":{"type":"bearer","bearer":[{"key":"token","value":"{{access_token}}","type":"string"}]},"method":"GET","header":[],"body":{"mode":"raw","raw":"{\n    \"title\": \"My favorite\"\n}","options":{"raw":{"language":"json"}}},"url":{"raw":"{{api-gateway}}/favorite-service/favorites/4","host":["{{api-gateway}}"],"path":["favorite-service","favorites","4"]}},"response":[]},{"name":"Update a Favorite List","id":"cfe2cf44-e0a2-4ef7-9d8e-5d9c06df68ec","protocolProfileBehavior":{"disableBodyPruning":true},"request":{"auth":{"type":"bearer","bearer":[{"key":"token","value":"{{access_token}}","type":"string"}]},"method":"PUT","header":[],"body":{"mode":"raw","raw":"{\n    \"title\": \"My best favorite\"\n}","options":{"raw":{"language":"json"}}},"url":{"raw":"{{api-gateway}}/favorite-service/favorites/1","host":["{{api-gateway}}"],"path":["favorite-service","favorites","1"]}},"response":[]},{"name":"Delete a Favorite List","id":"f208a548-1bf2-40f2-b708-463349d42391","protocolProfileBehavior":{"disableBodyPruning":true},"request":{"auth":{"type":"bearer","bearer":[{"key":"token","value":"{{access_token}}","type":"string"}]},"method":"DELETE","header":[],"url":{"raw":"{{api-gateway}}/favorite-service/favorites/1","host":["{{api-gateway}}"],"path":["favorite-service","favorites","1"]}},"response":[]},{"name":"Add a Favorite  Media","id":"47465c13-aa7b-4c90-8212-22c1d453d543","protocolProfileBehavior":{"disableBodyPruning":true},"request":{"auth":{"type":"bearer","bearer":[{"key":"token","value":"{{access_token}}","type":"string"}]},"method":"POST","header":[],"body":{"mode":"raw","raw":"{\n    \"mediaId\": 1,\n    \"mediaType\": \"TV_SERIES\"\n}","options":{"raw":{"language":"json"}}},"url":{"raw":"{{api-gateway}}/favorite-service/favorites/1/favorite-medias","host":["{{api-gateway}}"],"path":["favorite-service","favorites","1","favorite-medias"]}},"response":[]},{"name":"Delete a Favorite  Media","id":"0623611d-829e-4a8d-bd01-836684c6a4dd","protocolProfileBehavior":{"disableBodyPruning":true},"request":{"auth":{"type":"bearer","bearer":[{"key":"token","value":"{{access_token}}","type":"string"}]},"method":"DELETE","header":[],"body":{"mode":"raw","raw":"{\n    \"mediaId\": 1,\n    \"mediaType\": \"MOVIE\"\n}","options":{"raw":{"language":"json"}}},"url":{"raw":"{{api-gateway}}/favorite-service/favorites/1/favorite-medias?media-type=MOVIE&media-id=1","host":["{{api-gateway}}"],"path":["favorite-service","favorites","1","favorite-medias"],"query":[{"key":"media-type","value":"MOVIE"},{"key":"media-id","value":"1"}]}},"response":[]}]}