{"info":{"_postman_id":"e33a4653-1d3b-44a3-ad21-2b895263b04a","name":"KeyCloak API","schema":"https://schema.getpostman.com/json/collection/v2.1.0/collection.json"},"item":[{"name":"Get token by KeyCloak API","event":[{"listen":"test","script":{"id":"6e93bcf1-2fdf-4da8-b049-dc7bf0cb3e7d","exec":["const jsonResponse = pm.response.json();","pm.environment.set(\"access_token\", jsonResponse.access_token);","pm.environment.set(\"id_token\", jsonResponse.id_token);","pm.environment.set(\"refresh_token\", jsonResponse.access_token);"],"type":"text/javascript"}}],"id":"052905b6-c087-4ddd-87f6-fa3c41f11315","protocolProfileBehavior":{"disableBodyPruning":true},"request":{"method":"POST","header":[],"body":{"mode":"urlencoded","urlencoded":[{"key":"client_id","value":"ea-group-8"},{"key":"username","value":"luantran"},{"key":"password","value":"123456"},{"key":"grant_type","value":"password"},{"key":"scope","value":"openid"},{"key":"redirect_uri","value":"http://localhost:8081/","disabled":true},{"key":"client_secret","value":"{{client_secret}}"}]},"url":{"raw":"{{keycloak_url}}/realms/{{realm}}/protocol/openid-connect/token","host":["{{keycloak_url}}"],"path":["realms","{{realm}}","protocol","openid-connect","token"]}},"response":[]},{"name":"Get admin token by KeyCloak PAI","event":[{"listen":"test","script":{"id":"fd58d23e-3ed6-4b5b-88e9-ce904aebe63c","exec":["const jsonResponse = pm.response.json();","pm.environment.set(\"access_token\", jsonResponse.access_token);","pm.environment.set(\"id_token\", jsonResponse.id_token);","pm.environment.set(\"refresh_token\", jsonResponse.access_token);"],"type":"text/javascript"}}],"id":"1e47c84c-9a8b-47c4-8f12-8e6c5f8d367e","protocolProfileBehavior":{"disableBodyPruning":true},"request":{"method":"POST","header":[],"body":{"mode":"urlencoded","urlencoded":[{"key":"client_id","value":"ea-group-8"},{"key":"username","value":"admin"},{"key":"password","value":"admin"},{"key":"grant_type","value":"password"},{"key":"scope","value":"openid"},{"key":"redirect_uri","value":"http://localhost:8081/","disabled":true},{"key":"client_secret","value":"{{client_secret}}"},{"key":"","value":"","type":"text","disabled":true}]},"url":{"raw":"{{keycloak_url}}/realms/{{realm}}/protocol/openid-connect/token","host":["{{keycloak_url}}"],"path":["realms","{{realm}}","protocol","openid-connect","token"]}},"response":[]},{"name":"Create user","id":"f8fb294e-a572-46ea-823c-3ec05ab0a3e9","protocolProfileBehavior":{"disableBodyPruning":true},"request":{"method":"POST","header":[{"key":"Content-Type","value":"application/json","type":"text"},{"key":"Authorization","value":"Bearer {{access_token}}","type":"text"}],"body":{"mode":"raw","raw":"{\n  \"firstName\": \"Ba Luan \",\n  \"lastName\": \"Tran\",\n  \"email\": \"test@test.com\",\n  \"enabled\": \"true\",\n  \"username\": \"luantran\",\n  \"groups\": [\n      \"user\"\n  ],\n  \"realmRoles\": [\n      \"USER\",\n      \"offline_access\",\n      \"admin1\"\n    ],\n  \"credentials\": [{\n      \"type\": \"Password\",\n      \"value\": \"123456\",\n      \"userLabel\": \"Password\"\n  }]\n}","options":{"raw":{"language":"json"}}},"url":{"raw":"{{keycloak_url}}/admin/realms/{{realm}}/users","host":["{{keycloak_url}}"],"path":["admin","realms","{{realm}}","users"]}},"response":[]},{"name":"Delete User","id":"41e3f885-8a16-4c38-9f57-650348be8485","protocolProfileBehavior":{"disableBodyPruning":true},"request":{"method":"DELETE","header":[{"key":"Content-Type","value":"application/json","type":"text"},{"key":"Authorization","value":"Bearer {{access_token}}","type":"text"}],"url":{"raw":"{{keycloak_url}}/admin/realms/{{realm}}/users/8542c8f5-2125-4032-a912-1254d0a67366","host":["{{keycloak_url}}"],"path":["admin","realms","{{realm}}","users","8542c8f5-2125-4032-a912-1254d0a67366"]}},"response":[]},{"name":"Get user by Id","id":"d0028f3e-e566-4a7f-bc77-4ddb6c8736ea","protocolProfileBehavior":{"disableBodyPruning":true},"request":{"method":"GET","header":[{"key":"Content-Type","value":"application/json","type":"text"},{"key":"Authorization","value":"Bearer {{access_token}}","type":"text"}],"url":{"raw":"{{keycloak_url}}/admin/realms/{{realm}}/users/2d6e3046-4de7-436e-a98b-5dc488f88c62","host":["{{keycloak_url}}"],"path":["admin","realms","{{realm}}","users","2d6e3046-4de7-436e-a98b-5dc488f88c62"]}},"response":[]},{"name":"Get openid-configuration","id":"e58d8d5b-9778-43a0-aa71-7c91224dd612","protocolProfileBehavior":{"disableBodyPruning":true},"request":{"method":"GET","header":[],"url":{"raw":"{{keycloak_url}}/realms/{{realm}}/.well-known/openid-configuration","host":["{{keycloak_url}}"],"path":["realms","{{realm}}",".well-known","openid-configuration"]}},"response":[]},{"name":"Get realm infor","id":"1618c298-5d3d-4e9c-b88a-4627a04e64ab","protocolProfileBehavior":{"disableBodyPruning":true},"request":{"method":"GET","header":[],"url":{"raw":"{{keycloak_url}}/realms/{{realm}}/","host":["{{keycloak_url}}"],"path":["realms","{{realm}}",""]}},"response":[]},{"name":"Get certs","id":"1bc93aed-b5ca-4436-a09c-9b60cd9ffc02","protocolProfileBehavior":{"disableBodyPruning":true},"request":{"method":"GET","header":[],"url":{"raw":"{{keycloak_url}}/realms/{{realm}}/protocol/openid-connect/certs","host":["{{keycloak_url}}"],"path":["realms","{{realm}}","protocol","openid-connect","certs"]}},"response":[]},{"name":"Get userinfo","id":"2fe5489e-173b-475d-be02-f99281890e8e","protocolProfileBehavior":{"disableBodyPruning":true},"request":{"method":"GET","header":[{"key":"Content-Type","value":"application/json","type":"text"},{"key":"Authorization","value":"Bearer {{access_token}}","type":"text"}],"url":{"raw":"{{keycloak_url}}/realms/{{realm}}/protocol/openid-connect/userinfo","host":["{{keycloak_url}}"],"path":["realms","{{realm}}","protocol","openid-connect","userinfo"]}},"response":[]}]}