{"info":{"_postman_id":"fbe4c060-8c4b-40d8-8cae-c58313452a8f","name":"Movie","schema":"https://schema.getpostman.com/json/collection/v2.1.0/collection.json"},"item":[{"name":"Update movie","id":"88a48e49-c916-482e-a922-2933f9ad9512","protocolProfileBehavior":{"disableBodyPruning":true},"request":{"method":"PUT","header":[{"key":"Content-Type","value":"application/json","type":"text"},{"key":"Authorization","value":"Bearer {{access_token}}","type":"text"}],"body":{"mode":"raw","raw":"{\n    \"title\": \"Top Gun: Maverick 1\",\n    \"description\": \"After thirty years, Maverick is still pushing the envelope as a top naval aviator, but must confront ghosts of his past when he leads TOP GUN's elite graduates on a mission that demands the ultimate sacrifice from those chosen to fly it.\",\n    \"averageRating\": 0,\n    \"genreIds\": [\n        4\n    ],\n    \"directorIds\": [\n        2\n    ],\n    \"actorIds\": [\n        1,\n        4,\n        5\n    ],\n    \"ownerId\": 1,\n    \"year\": 2022,\n    \"duration\": 130\n}","options":{"raw":{"language":"json"}}},"url":{"raw":"{{api-gateway}}{{movie-service}}/movies/3","host":["{{api-gateway}}{{movie-service}}"],"path":["movies","3"]}},"response":[]},{"name":"Get movie by id","id":"919c12af-62f2-498b-8f8b-554e20178f8d","protocolProfileBehavior":{"disableBodyPruning":true},"request":{"method":"GET","header":[{"key":"Authorization","value":"Bearer {{access_token}}","type":"text","disabled":true}],"url":{"raw":"{{api-gateway}}{{movie-service}}/movies/10","host":["{{api-gateway}}{{movie-service}}"],"path":["movies","10"]}},"response":[]},{"name":"Get movies by director id","id":"9b5df623-c1b4-4004-9f73-5d1af316dcc7","protocolProfileBehavior":{"disableBodyPruning":true},"request":{"method":"GET","header":[],"url":{"raw":"{{api-gateway}}{{movie-service}}/movies/director/1","host":["{{api-gateway}}{{movie-service}}"],"path":["movies","director","1"]}},"response":[]},{"name":"Get movies by actor id","id":"72e449e5-e72b-44e0-a53e-ea0ab81474d2","protocolProfileBehavior":{"disableBodyPruning":true},"request":{"method":"GET","header":[],"url":{"raw":"{{api-gateway}}{{movie-service}}/movies/actor/1","host":["{{api-gateway}}{{movie-service}}"],"path":["movies","actor","1"]}},"response":[]},{"name":"Get movies by genre id","id":"24aad60a-2965-4fc7-b31b-2d86d85e1476","protocolProfileBehavior":{"disableBodyPruning":true},"request":{"method":"GET","header":[],"url":{"raw":"{{api-gateway}}{{movie-service}}/movies/genre/1","host":["{{api-gateway}}{{movie-service}}"],"path":["movies","genre","1"]}},"response":[]},{"name":"Filter movies","id":"c15f9eab-eb86-47e2-95ca-381dae6f897f","protocolProfileBehavior":{"disableBodyPruning":true},"request":{"method":"GET","header":[],"url":{"raw":"{{api-gateway}}{{movie-service}}/movies/filter?directors=1,2&actors=2,7&genres=2,4","host":["{{api-gateway}}{{movie-service}}"],"path":["movies","filter"],"query":[{"key":"ownerId","value":"1","disabled":true},{"key":"year","value":"2022","disabled":true},{"key":"duration","value":"180","disabled":true},{"key":"directors","value":"1,2"},{"key":"actors","value":"2,7"},{"key":"genres","value":"2,4"}]}},"response":[]},{"name":"Add a movie","id":"1b081038-e513-4bd8-bf06-6c2dd78b927f","protocolProfileBehavior":{"disableBodyPruning":true},"request":{"method":"POST","header":[{"key":"Content-Type","value":"application/json","type":"text"},{"key":"Authorization","value":"Bearer {{access_token}}","type":"text"}],"body":{"mode":"raw","raw":"{\n        \"title\": \"Top Gun: Maverick\",\n        \"description\": \"After thirty years, Maverick is still pushing the envelope as a top naval aviator, but must confront ghosts of his past when he leads TOP GUN's elite graduates on a mission that demands the ultimate sacrifice from those chosen to fly it.\",\n        \"averageRating\": 0,\n        \"genreIds\": [\n            1,\n            3\n        ],\n        \"directorIds\": [\n            1\n        ],\n        \"actorIds\": [\n            1,\n            3,\n            5\n        ],\n        \"ownerId\": 1,\n        \"year\": 2022,\n        \"duration\": 130\n    }","options":{"raw":{"language":"json"}}},"url":{"raw":"{{api-gateway}}{{movie-service}}/movies","host":["{{api-gateway}}{{movie-service}}"],"path":["movies"]}},"response":[]},{"name":"Delete a movie","id":"6c97a732-6f0c-43bd-b6c4-f9f9e8328822","protocolProfileBehavior":{"disableBodyPruning":true},"request":{"method":"DELETE","header":[{"key":"Content-Type","value":"application/json","type":"text"},{"key":"Authorization","value":"Bearer {{access_token}}","type":"text"}],"url":{"raw":"{{api-gateway}}{{movie-service}}/movies/10","host":["{{api-gateway}}{{movie-service}}"],"path":["movies","10"]}},"response":[]}]}